"Наименование","Цена","Валюта","Количество_товара","Ссылка"
"5 ounces of Original Haze","465 USD = 0.06471 ฿","USD","5 ounces","http://42xvacaxk2ymiqin.onioncart.php"
"5 ounces of OG Kush","475 USD = 0.06610 ฿","USD","5 ounces","http://42xvacaxk2ymiqin.onioncart.php"
"1 ounce of OG Kush","135 USD = 0.01879 ฿","USD","1 ounce","http://42xvacaxk2ymiqin.onioncart.php"
"1 ounce of Original Haze","130 USD = 0.01809 ฿","USD","1 ounce","http://42xvacaxk2ymiqin.onioncart.php"
"White Widow Cannabis","$7/Gram | in BTC","$","NaN","http://ckaxksssntimhfvtjuyhinzxyfsetvntjba4nvlyzb56oqo6sfa7ygad.onioncontact-us.html"
"Orange IPhone Ecstasy","$2/Piece | in BTC","$","NaN","http://ckaxksssntimhfvtjuyhinzxyfsetvntjba4nvlyzb56oqo6sfa7ygad.onioncontact-us.html"
"25x Hofmann LSD - 180ug","Price: 75.00 EUR","EUR","25x 180ug","http://heinekiedg3fnlq2a3l3bij3veashlp2i6e7r645io5vcrnizxnwucid.onion/listing/519b6b2f-4c4b-463d-88a7-1ccd4bfdbaca"
"2g MDMA - Champagne - 88%","Price: 15.00 EUR","EUR","2g","http://heinekiedg3fnlq2a3l3bij3veashlp2i6e7r645io5vcrnizxnwucid.onion/listing/acf884ba-1f6f-496c-bdd9-fc6035d14ee7"
"10g Speed paste - 74%","Price: 25.00 EUR","EUR","10g","http://heinekiedg3fnlq2a3l3bij3veashlp2i6e7r645io5vcrnizxnwucid.onion/listing/cd6b23e7-06a9-44ce-9348-d40e83b941c0"
"10x Hofmann LSD - 180ug","Price: 32.50 EUR","EUR","10x 180ug","http://heinekiedg3fnlq2a3l3bij3veashlp2i6e7r645io5vcrnizxnwucid.onion/home/warning/dismiss/listing/20e977bc-7f91-4920-a207-75fe4fa62046"
"1g Ketamine R - 97%","Price: 23.00 EUR","EUR","1g","http://heinekiedg3fnlq2a3l3bij3veashlp2i6e7r645io5vcrnizxnwucid.onion/home/warning/dismiss/listing/42f95eb2-e975-4477-a522-97a1562b4489"
"1g Cocaine Peruvian - 88%","Price: 65.00 EUR","EUR","1g","http://heinekiedg3fnlq2a3l3bij3veashlp2i6e7r645io5vcrnizxnwucid.onion/home/warning/dismiss/listing/98a38a38-7a8f-40c4-9664-8b4a21c7c8b1"
"5g Amnesia Haze - 23% THC","Price: 50.00 EUR","EUR","5g","http://heinekiedg3fnlq2a3l3bij3veashlp2i6e7r645io5vcrnizxnwucid.onion/listing/298fe8f6-5091-44eb-a3b3-af71d6e0be26"
"5g MDMA - Champagne - 88%","Price: 25.00 EUR","EUR","5g","http://heinekiedg3fnlq2a3l3bij3veashlp2i6e7r645io5vcrnizxnwucid.onion/listing/3fd09140-2298-4cd8-99d4-48582ea744f4"
"5g Speed paste - 74%","Price: 15.00 EUR","EUR","5g","http://heinekiedg3fnlq2a3l3bij3veashlp2i6e7r645io5vcrnizxnwucid.onion/listing/57dd60c5-9850-4e5e-b2d5-0f74de53bd42"
"7g Organic White Russian","80 EUR = 0.012 ฿","EUR","7g","http://eucannaaasck7uzd.onioncart.php"
"7g Organic Chronic","80 EUR = 0.012 ฿","EUR","7g","http://eucannaaasck7uzd.onioncart.php"
"14g Organic White Russian","147.5 EUR = 0.022 ฿","EUR","14g","http://eucannaaasck7uzd.onion?cat=100index.phpcart.php"
"3.5g Organic White Russian","42 EUR = 0.006 ฿","EUR","3.5g","http://eucannaaasck7uzd.onion?cat=100index.phpindex.phpcart.php"
"14g Organic Chronic","147.5 EUR = 0.022 ฿","EUR","14g","http://eucannaaasck7uzd.onion?cat=100cart.php"
"3.5g Organic Chronic","42 EUR = 0.006 ฿","EUR","3.5g","http://eucannaaasck7uzd.onion?cat=100index.phpindex.phpcart.php"
"10x Vials HASH OIL (7.0g)","฿0.0251","฿","7.0g","http://drugstom3mhpiaud.onion/l/login.php"
"FULL WEIGHED GRAM COCAINE (1.0g)","฿0.0182","฿","1.0g","http://drugstom3mhpiaud.onion/l/login.php"
"Full Gram Crack Cocaine (1.0g)","฿0.0209","฿","1.0g","http://drugstom3mhpiaud.onion/l/login.php"
"5x Ice Speed Pills","฿0.0209","฿","5x","http://drugstom3mhpiaud.onion/l/login.php"
"1x Ice Speed Pill","฿0.0063","฿","1x","http://drugstom3mhpiaud.onion/l/login.php"
"MDMA Crystals 84%+ UNCUT- Half Ounce (14.0g)","฿0.0447","฿","14.0g","http://drugstom3mhpiaud.onion/l/login.php"
"Concerta (Methylphenidate) 54mg","฿0.0098","฿","54mg","http://drugstom3mhpiaud.onion/l/login.php"
"2xFULL GRAMS COCAINE","฿0.0293","฿","2x","http://drugstom3mhpiaud.onion/l/login.php"
"1x Vial HASH OIL (0.7g)","฿0.0070","฿","0.7g","http://drugstom3mhpiaud.onion/l/login.php"
"MDMA Crystals 84%+ UNCUT- 3.5 Grams (3.5g)","฿0.0154","฿","3.5g","http://drugstom3mhpiaud.onion/l/login.php"
"MDMA Crystals 84%+ UNCUT- Full Ounce (28.0g)","฿0.0810","฿","28.0g","http://drugstom3mhpiaud.onion/l/login.php"
"2x Ice Speed Pills","฿0.0080","฿","2x","http://drugstom3mhpiaud.onion/l/login.php"
"Concerta (Methylphenidate) 18mg","฿0.0063","฿","18mg","http://drugstom3mhpiaud.onion/l/login.php"
"2X Vials HASH OIL","฿0.0091","฿","2X","http://drugstom3mhpiaud.onion/l/login.php"
"Methaqualone Powder (Quaaludes) 1 Gram","฿0.0105","฿","1 Gram","http://drugstom3mhpiaud.onion/l/login.php"
"QUARTER OZ COCAINE (7.0g)","฿0.0740","฿","7.0g","http://drugstom3mhpiaud.onion/l/login.php"
"50g Organic Chronic","295 EUR","EUR","50g","http://4mfvsw6egw7ayj26.onioncart.php"
"50g Organic White Russian","295 EUR","EUR","50g","http://4mfvsw6egw7ayj26.onioncart.php"
"100g Marocc Hash","350 EUR = 0.05269 ฿","EUR","100g","http://kbvbh4kdddiha2ht.onioncart.php"
"500g Marocc Hash","1500 EUR = 0.22581 ฿","EUR","500g","http://kbvbh4kdddiha2ht.onioncart.php"
"50g Marocc Hash","200 EUR = 0.03011 ฿","EUR","50g","http://kbvbh4kdddiha2ht.onioncart.php"
"Cocaine HQ | Deluxe Edition","
$109 – $189

 
","$","NaN","http://6qdvcew6jhxifqge.onion/product/cocaine-hq-deluxe-edition/"
"TOP CUBE | MDMA Pills 250mg | Deluxe Edition","
$29 – $109

 
","$","250mg","http://6qdvcew6jhxifqge.onion/product/top-cube-mdma-pills-250mg-deluxe-edition/"
"Cocaine VHQ | Deluxe Edition","
$141 – $249

 
","$","NaN","http://6qdvcew6jhxifqge.onion/product/cocaine-vhq-deluxe-edition/"
"Cocaine HQ 90-95%","
$139 – $263

 
","$","NaN","http://6qdvcew6jhxifqge.onion/product/cocaine-hq-90-95/"
"TOP CUBE Ecstasy – MotormasteR","
$119 – $3,399

 
","$","NaN","http://6qdvcew6jhxifqge.onion/product/top-cube-ecstasy-motormaster/"
"MDMA | Deluxe Edition","
$59 – $199

 
","$","NaN","http://6qdvcew6jhxifqge.onion/product/mdma-deluxe-edition/"
"Blue Bitcoin | MDMA Pills 250mg | Deluxe Edition","
$31 – $115

 
","$","250mg","http://6qdvcew6jhxifqge.onion/product/blue-bitcoin-mdma-pills-250mg-deluxe-edition/"
"Cocaine VHQ 95-98%","
$155 – $287

 
","$","NaN","http://6qdvcew6jhxifqge.onion/product/cocaine-vhq-95-98/"
"Buds “AK-47 HQ ” SHOCKWAVE","
$41 – $523

 
","$","NaN","http://6qdvcew6jhxifqge.onion/product/buds-ak-47-hq-shockwave/"
"100x Blue Tesla XTC pills 180mg mdma !!! NEW !!!","USD 99.99","USD","100x 180mg pills 180","http://6mduol2doz6vlcsn.onion/login"
"x5 of 0.3ml THC Oil Vape Cartridge + 280 mAh Pen","USD 95.99","USD","0.3ml","http://6mduol2doz6vlcsn.onion/login"
"UNCUT 94% 7G OF PERUVIAN CREAM COCAINE","USD 245.00","USD","7G","http://6mduol2doz6vlcsn.onionlogin"
"Xanax [Alprazolam] 100x (1MG) Pills (Footballs)","USD 220.00","USD","100x 1MG","http://6mduol2doz6vlcsn.onion/login"
"Clean Paypal Transfer 500$ Guarantee!","USD 70.00","USD","NaN","http://6mduol2doz6vlcsn.onion/login"
"PayPal Transfers","Transfer: $600","$","NaN","http://4b4i3gx3cellpnlf.onion/#visa/order?type=paypal&id=1"
"Prepaid Cards VISA","$110","$","NaN","http://4b4i3gx3cellpnlf.onion"
"Western Union Transfers","Transfer: $1000","$","NaN","http://4b4i3gx3cellpnlf.onion/"
"Prepaid Cards MasterCard","$120","$","NaN","http://4b4i3gx3cellpnlf.onion/#visa"
"and Money Transfers via PayPal","Transfer: $600","$","NaN","http://4b4i3gx3cellpnlf.onion/#visa/"
"Afghan Kush – Cannabis 50g","$90.00","$","50g","http://4wmicvgfju43ejudk2km3a7jhkwyewtgwwxbttcquca4fm3tilmtocyd.onion/product/afghan-kush-cannabis-50g/"
"Potassium Cyanide, 1 g","$9.00","$","1 g","http://4wmicvgfju43ejudk2km3a7jhkwyewtgwwxbttcquca4fm3tilmtocyd.onion/product/potassium-cyanide-1-g/"
"x10 LSD (Acid) Tabs 250ug","$39.00","$","x10 250ug","http://4wmicvgfju43ejudk2km3a7jhkwyewtgwwxbttcquca4fm3tilmtocyd.onion/product/x10-lsd-acid-tabs-250ug/"
"5 Gram Crystal Meth HQ CRYSTAL","$49.00","$","5 Gram","http://4wmicvgfju43ejudk2km3a7jhkwyewtgwwxbttcquca4fm3tilmtocyd.onion/product/5-gram-crystal-meth-hq-crystal/"
"Alaskan Thunder Fuck- Cannabis 50g","$199.00","$","50g","http://4wmicvgfju43ejudk2km3a7jhkwyewtgwwxbttcquca4fm3tilmtocyd.onion/product/alaskan-thunder-fuck-cannabis-50g/"
"Double Gum X20 – Seeds Cannabis","$14.00","$","X20","http://4wmicvgfju43ejudk2km3a7jhkwyewtgwwxbttcquca4fm3tilmtocyd.onion/product/double-gum-x20-seeds-cannabis/"
"High Grade Cocaine 91% Pure 1g","$29.00","$","1g","http://4wmicvgfju43ejudk2km3a7jhkwyewtgwwxbttcquca4fm3tilmtocyd.onion/product/high-grade-cocaine-91-pure-1g/"
"Pure Love – Cannabis 20g","$39.00","$","20g","http://4wmicvgfju43ejudk2km3a7jhkwyewtgwwxbttcquca4fm3tilmtocyd.onion/product/pure-love-cannabis-20g/"
"5 Gram CRYSTAL METHS PURE","$59.00","$","5 Gram","http://4wmicvgfju43ejudk2km3a7jhkwyewtgwwxbttcquca4fm3tilmtocyd.onion/product/5-gram-crystal-meths-pure/"
"1 Container of 10 x 20 mg Cialis pills || Generic ...","Price: 12.00 EUR","EUR","10 x 20 mg","http://dutchd2ss3w4efqnm577wb5j35wjmanwxa7qugfd5rz2g35fqn3i76id.onion/listing/7ca187c0-d6b7-412a-ae4c-55e573ea22d6"
"100 XTC Pills || Dutch Quality MDMA XTC Pill || 16...","Price: 200.00 EUR","EUR","100 X","http://dutchd2ss3w4efqnm577wb5j35wjmanwxa7qugfd5rz2g35fqn3i76id.onion/listing/4f2a0475-29b0-4d21-9f60-2cdc0eef4ee3"
"100 Dutch Quality LSD Blotters || LSD-25 || 100-15...","Price: 350.00 EUR","EUR","NaN","http://dutchd2ss3w4efqnm577wb5j35wjmanwxa7qugfd5rz2g35fqn3i76id.onion/listing/f657b8e1-97fe-4503-bb61-ce158c283f01"
"5 Dutch Quality LSD Blotters || LSD-25 || 100-150 ...","Price: 25.00 EUR","EUR","NaN","http://dutchd2ss3w4efqnm577wb5j35wjmanwxa7qugfd5rz2g35fqn3i76id.onion/listing/d40e16b1-cd20-4ce7-bc38-323fc996c69c"
"10 XTC Pills || Dutch Quality MDMA XTC Pill || 160...","Price: 25.00 EUR","EUR","10 X","http://dutchd2ss3w4efqnm577wb5j35wjmanwxa7qugfd5rz2g35fqn3i76id.onion/listing/eab64c54-6431-4a08-9280-5bbfa2489ca9"
"10 ML. Cannabis Oil 1/3 || THC/CBD rich || 50/50% ...","Price: 250.00 EUR","EUR","NaN","http://dutchd2ss3w4efqnm577wb5j35wjmanwxa7qugfd5rz2g35fqn3i76id.onion/listing/2095e80c-3129-4332-8391-17942dd1bb02"
"10 Gram MDMA || Dutch Quality MDMA Crystal || PMK ...","Price: 70.00 EUR","EUR","10 Gram","http://dutchd2ss3w4efqnm577wb5j35wjmanwxa7qugfd5rz2g35fqn3i76id.onion/listing/cc7556be-bb0b-419d-ab0c-5df52bce1d5f"
"25 Dutch Quality LSD Blotters || LSD-25 || 100-150...","Price: 100.00 EUR","EUR","NaN","http://dutchd2ss3w4efqnm577wb5j35wjmanwxa7qugfd5rz2g35fqn3i76id.onion/listing/49741abc-1937-400b-8d2f-d845a6c80ada"
"5 x Visa Prepaid 3100$","$510.00","$","5 x","http://nu5grt6sxtkep757.onion/?product=5-x-visa-prepaid-3100"
"Amazon Gift Card – $600","$120.00","$","NaN","http://nu5grt6sxtkep757.onion/?product=amazon-gift-card-600"
"Steam Gift Card – $250","$125.00","$","NaN","http://nu5grt6sxtkep757.onion/?product=steam-gift-card-250"
"PayPal Transfer 600$","$90.00","$","NaN","http://nu5grt6sxtkep757.onion/?product=paypal-transfer-600"
"Visa Prepaid 2700€","$105.00","$","NaN","http://nu5grt6sxtkep757.onion/?product=visa-prepaid-2700e"
"100 x Ammunition calibre 9mm","$99.00","$","100 x","http://nu5grt6sxtkep757.onion/?product=100-x-ammunition-calibre-9mm"
"50 x Ammunition calibre 22lr","$55.00","$","50 x","http://nu5grt6sxtkep757.onion/?product=50-x-ammunition-calibre-22lr"
"MasterCard Prepaid 2700€","$105.00","$","NaN","http://nu5grt6sxtkep757.onion/?product=mastercard-prepaid-2700e"
"Black Label Kush 25g","$200.00","$","25g","http://nu5grt6sxtkep757.onion/?product=black-label-kush-25g"
"Amazon Gift Card – $700","$150.00","$","NaN","http://nu5grt6sxtkep757.onion/?product=amazon-gift-card-700"
"German ID Card (Real)","$1,500.00","$","NaN","http://nu5grt6sxtkep757.onion/?product=german-id-card-real"
"Haze 25g","$220.00","$","25g","http://nu5grt6sxtkep757.onion/?product=smart-watches-3-swr50"
"eBay Gift Card – $150","$50.00","$","NaN","http://nu5grt6sxtkep757.onion/?product=ebay-gift-card-150"
"Desert Eagle IMI – Kal.44","$550.00","$","NaN","http://nu5grt6sxtkep757.onion/?product=desert-eagle-imi-kal-44"
"Amazon Gift Card – $500","$100.00","$","NaN","http://nu5grt6sxtkep757.onion/?product=amazon-gift-card-500"
"Colombian Cocaine 2g","$200.00","$","2g","http://nu5grt6sxtkep757.onion/?product=colombian-cocaine-100g"
"Visa Prepaid 3100$","$105.00","$","NaN","http://nu5grt6sxtkep757.onion/?product=visa-prepaid-3100"
"3 x Visa Prepaid 3100$","$299.00","$","3 x","http://nu5grt6sxtkep757.onion/?product=3-x-visa-prepaid-3100"
"5 x Visa Prepaid 2700€","$510.00","$","5 x","http://nu5grt6sxtkep757.onion/?product=5-x-visa-prepaid-2700e"
"iTunes Gift Card – $100","$50.00","$","NaN","http://nu5grt6sxtkep757.onion/?product=itunes-gift-card-100"
"Steam Gift Card – $100","$50.00","$","NaN","http://nu5grt6sxtkep757.onion/?product=steam-gift-card-100"
"MoneyGram Transfer 1000$","$110.00","$","NaN","http://nu5grt6sxtkep757.onion/?product=moneygram-transfer-1000"
"eBay Gift Card – $300","$100.00","$","NaN","http://nu5grt6sxtkep757.onion/?product=ebay-gift-card-300"
"3 x Visa Prepaid 2700€","$299.00","$","3 x","http://nu5grt6sxtkep757.onion/?product=3-x-visa-prepaid-2700e"
"MasterCard Prepaid 3100$","$105.00","$","NaN","http://nu5grt6sxtkep757.onion/?product=mastercard-prepaid-3100"
"iTunes Gift Card – $200","$100.00","$","NaN","http://nu5grt6sxtkep757.onion/?product=itunes-gift-card-200"
"Haze 50g","$400.00","$","50g","http://nu5grt6sxtkep757.onion/?product=haze-50g"
"WU Transfer 1000$","$110.00","$","NaN","http://nu5grt6sxtkep757.onion/?product=wu-transfer-1000"
"Gun Walther P99 – Mod. P99","$896.00","$","NaN","http://nu5grt6sxtkep757.onion/?product=gun-walther-p99-mod-p99"
"Amazon Gift Card – $800","$180.00","$","NaN","http://nu5grt6sxtkep757.onion/?product=amazon-gift-card-800"
"3 x MasterCard Prepaid 3100$","$299.00","$","3 x","http://nu5grt6sxtkep757.onion/?product=3-x-mastercard-prepaid-3100"
"iTunes Gift Card – $300","$150.00","$","NaN","http://nu5grt6sxtkep757.onion/?product=itunes-gift-card-300"
"50$ WESTERN UNION TRANSFER","
						$35.00					","$","NaN","http://winnerawz6b4fghn.onion"
"Rifle calibre 22lr + 50 x Ammunition","$899.00","$","50 x","http://nu5grt6sxtkep757.onion/?product=rifle-calibre-22lr-50-x-ammunition"
"WU Transfer 1500$","$150.00","$","NaN","http://nu5grt6sxtkep757.onion/?product=wu-transfer-1500"
"MoneyGram Transfer 3000$","$260.00","$","NaN","http://nu5grt6sxtkep757.onion/?product=moneygram-transfer-3000"
"Great Britain Passport (Real)","$17,116.00","$","NaN","http://nu5grt6sxtkep757.onion/?product=great-britain-passport"
"German Passport (Real)","$9,000.00","$","NaN","http://nu5grt6sxtkep757.onion/?product=german-passport"
"Steam Gift Card – $300","$150.00","$","NaN","http://nu5grt6sxtkep757.onion/?product=steam-gift-card-300"
"Lemon Haze 25g","$240.00","$","25g","http://nu5grt6sxtkep757.onion/?product=lemon-haze-25g"
"eBay Gift Card – $400","$150.00","$","NaN","http://nu5grt6sxtkep757.onion/?product=ebay-gift-card-400"
"USA ID Card (Real)","$850.00","$","NaN","http://nu5grt6sxtkep757.onion/?product=usa-id-card-real"
"5 x MasterCard Prepaid 3100$","$510.00","$","5 x","http://nu5grt6sxtkep757.onion/?product=5-x-mastercard-prepaid-3100"
"PayPal Transfer 1000$","$130.00","$","NaN","http://nu5grt6sxtkep757.onion/?product=paypal-transfer-1000"
"Steam Gift Card – $200","$100.00","$","NaN","http://nu5grt6sxtkep757.onion/?product=steam-gift-card-200"
"Granddaddy Purple","1 kg-$2400","$","NaN","http://iatiof3vpk22i4udgzdpin3ygyeh5dzcexjley3bu442yfiqopwtlcad.onion#pay/pay.php"
"MDMA Belgian Moonrocks - Purity Mid 80s","14g $150","$","NaN","http://hvxqg7mbozargvjytv7upnu6yyblecf2jlkf6mdsbmk3clewopp3nkqd.onion"
"High Heat Cocaine - Purity Low 90s (Fluffy, flaky, oily fishscale - not hard repress)","14g $600","$","NaN","http://hvxqg7mbozargvjytv7upnu6yyblecf2jlkf6mdsbmk3clewopp3nkqd.onion"
"Heroin SE China White or Brown Afghani Terror - Purity High 80s","14g $675","$","NaN","http://hvxqg7mbozargvjytv7upnu6yyblecf2jlkf6mdsbmk3clewopp3nkqd.onion"
"AMNESIA HAZE - THC 21% - NEW BEST BATCH! 30g","190 GBP = 0.03282 ฿","฿","30g","http://dcukmmtrhqouetep.onioncart.php"
"ROCK ISOMER S+ KETAMINE EC 99% 7g","100 GBP = 0.01727 ฿","฿","7g","http://dcukmmtrhqouetep.onioncart.php"
"LSD BLOTTERS REAL 220ug PSYCHEDELIC FLOWERS x50","190 GBP = 0.03282 ฿","฿","x50 220ug","http://dcukmmtrhqouetep.onioncart.php"
"PURE PLATINUM MDMA 92% 15g","80 GBP = 0.01382 ฿","฿","15g","http://dcukmmtrhqouetep.onioncart.php"
"ROLEX'S 150MG+ MDMA ECSTACY PILLS 500x","350 GBP = 0.06046 ฿","฿","500x 150MG","http://dcukmmtrhqouetep.onioncart.php"
"ROLEX'S 150MG+ MDMA ECSTACY PILLS x200","180 GBP = 0.03109 ฿","฿","x200 150MG","http://dcukmmtrhqouetep.onioncart.php"
"ROLEX'S 150MG+ MDMA ECSTACY PILLS 100x","95 GBP = 0.01641 ฿","฿","100x 150MG","http://dcukmmtrhqouetep.onioncart.php"
"ROCK ISOMER S+ KETAMINE EC 99% 30g","320 GBP = 0.05528 ฿","฿","30g","http://dcukmmtrhqouetep.onioncart.php"
"AMNESIA HAZE - THC 21% - NEW BEST BATCH! 55g","310 GBP = 0.05355 ฿","฿","55g","http://dcukmmtrhqouetep.onioncart.php"
"PURE PLATINUM MDMA 92% 50g","200 GBP = 0.03455 ฿","฿","50g","http://dcukmmtrhqouetep.onioncart.php"
"LSD BLOTTERS REAL 220ug PSYCHEDELIC FLOWERS 15x","75 GBP = 0.01296 ฿","฿","15x 220ug","http://dcukmmtrhqouetep.onioncart.php"
"LSD BLOTTERS REAL 220ug PSYCHEDELIC FLOWERS 100x","310 GBP = 0.05355 ฿","฿","100x 220ug","http://dcukmmtrhqouetep.onioncart.php"
"AMNESIA HAZE - THC 21% - NEW BEST BATCH! 15g","110 GBP = 0.01900 ฿","฿","15g","http://dcukmmtrhqouetep.onioncart.php"
"FISHSCALE COCAINE 5g","230 GBP = 0.03973 ฿","฿","5g","http://dcukmmtrhqouetep.onioncart.php"
"PURE PLATINUM MDMA 92% 30g","150 GBP = 0.02591 ฿","฿","30g","http://dcukmmtrhqouetep.onioncart.php"
"FISHSCALE COCAINE 1.5g","80 GBP = 0.01382 ฿","฿","1.5g","http://dcukmmtrhqouetep.onioncart.php"
"FISHSCALE COCAINE 10g","400 GBP = 0.06909 ฿","฿","10g","http://dcukmmtrhqouetep.onioncart.php"
"ROCK ISOMER S+ KETAMINE EC 99% 15g","200 GBP = 0.03455 ฿","฿","15g","http://dcukmmtrhqouetep.onioncart.php"
"Pure Strong Speed Sulphate (#1) Batch 1","£26.50","£","NaN","http://dcukooi4bv5lhwcl.onion/index.php/product/pure-strong-speed-sulphate/"
"ISOMER S(+) NEEDLE KETAMINE","£24.96","£","NaN","http://dcukooi4bv5lhwcl.onion/index.php/product/isomer-s-needle-ketamine/"
"WHITE WIDOW – HYBRID -WEED / CANNABIS SKUNK","£42.50","£","NaN","http://dcukooi4bv5lhwcl.onion/index.php/product/white-widow-hybrid-weed-cannabis-skunk/"
"AMNESIA HAZE – SATIVA – NEW BEST BATCH!","£42.50","£","NaN","http://dcukooi4bv5lhwcl.onion/index.php/product/amnesia-haze-sativa-new-best-batch/"
"DCUK / DUTCHMASTERS BRAZUCAS 220 MG ECSTASY MDMA PILLS","£29.99","£","220 MG","http://dcukooi4bv5lhwcl.onion/index.php/product/brazucas/"
"Orange Smiley 220mg MDMA Pills","£36.40","£","220mg","http://dcukooi4bv5lhwcl.onion/index.php/product/orange-smiley/"
"PURE LIQUORICE MDMA","£45.90","£","NaN","http://dcukooi4bv5lhwcl.onion/index.php/product/pure-liquorice-mdma/"
"PURE PLATINUM MDMA 92% UK","£42.50","£","NaN","http://dcukooi4bv5lhwcl.onion/index.php/product/pure-platinum-mdma-92-uk/"
"BLUE FORTNITE 180G+ MDMA ECSTACY PILLS","£32.50","£","180G","http://dcukooi4bv5lhwcl.onion/index.php/product/fortnite/"
"UFO 125G+ MDMA ECSTACY PILLS","£731.50","£","125G","http://dcukooi4bv5lhwcl.onion/index.php/product/ufo/"
"[DC23-MARCH] PURE BOLIVIAN FISHSCALE COCAINE","£4,850.00","£","NaN","http://dcukooi4bv5lhwcl.onion/index.php/product/dc23-march-pure-fire-cocaine/"
"BLUE HEART 180G+ MDMA ECSTACY PILLS","£32.50","£","180G","http://dcukooi4bv5lhwcl.onion/index.php/product/blue-heart/"
"Blond Hash from Morocco","13.00 $","$","NaN","http://deepdothh3xqavqx.onion/product/3c81d8f0-002a-11ea-bc5f-9b29be7975a2"
"5 DUTCH MDMA ""MOONROCKS"" 84% PURITY","60.00 $","$","NaN","http://deepdothh3xqavqx.onion/product/23d1fcf0-fcd6-11e9-92a3-eb4d4b8ac38a"
"PURE COLOMBIAN FLAKE COCAINE 92% PURE **FREE NDD**TOP STEALTH*","78.00 $","$","NaN","http://deepdothh3xqavqx.onion/product/0225d020-002b-11ea-9e89-6bd4cfeb4cbe"
"Bolivian Flake Cocaine || Free UK-NDD","65.00 $","$","NaN","http://deepdothh3xqavqx.onion/product/8ea28f00-002c-11ea-a67c-b3e2553b67a8"
"Western Union Transfers $4000","
                                    Western Union Transfers $4000
                                ","$","NaN","http://deepdothh3xqavqx.onion"
"ROYAL SUPER HAZE HASH HIGH QUALITY","8.00 $","$","NaN","http://deepdothh3xqavqx.onion/product/468e6ee0-0027-11ea-9d9c-6b7ec7bfb110"
"NEW ""THE ROCKEFELLER"" BATCH COCAINE","73.00 $","$","NaN","http://deepdothh3xqavqx.onion/product/d943bb20-fcd4-11e9-beae-a9145d39413c"
"Premium Cream Hash AAA","12.00 $","$","NaN","http://deepdothh3xqavqx.onion/product/5ef0bf20-fe94-11e9-867c-c758e8c72425"
"UK FLAKE COCAINE | NDD | ADV. STEALTH","104.00 $","$","NaN","http://deepdothh3xqavqx.onion/product/d7f615c0-002d-11ea-bc1c-cf8280b26d10"
"Crystal Meth * Lab tested * USA 14GR","
						$100.00					","$","14GR","http://winnerawz6b4fghn.onion"
"AMAZON GIFT CARD 10$","
						$145.00					","$","NaN","http://winnerawz6b4fghn.onion#products-11722704-0"
"$500 PAYPAL TRANSFER","
						$75.00					","$","NaN","http://winnerawz6b4fghn.onion"
"Paypal Account (5)","
						$145.00					","$","NaN","http://winnerawz6b4fghn.onion/index.php?route=product/category&path=59"
"Crystal Meth * Lab tested * USA 3GR","
						$70.00					","$","3GR","http://winnerawz6b4fghn.onion"
"$1800 - $2500 PAYPAL ACCOUNT","
						$110.00					","$","NaN","http://winnerawz6b4fghn.onion"
"Crystal Meth * Lab tested * USA 1GR","
						$15.00					","$","1GR","http://winnerawz6b4fghn.onion"
"$1000 - $1500 PAYPAL ACCOUNT","
						$90.00					","$","NaN","http://winnerawz6b4fghn.onion"
"112g  - 250g 84%-92% Pure Bolivian Flake Cocaine","112grams-$4500","$","112g","http://uo6cjzsln3wmsho7.onionpayment.php"
"50g pure Speed","390 EUR = 0.05855 ฿","EUR","50g","http://s5q54hfww56ov2xc.onioncart.php"
"50 x LSD Blotter 200yg Hofmann","130 EUR = 0.01952 ฿","EUR","50 x 200yg","http://s5q54hfww56ov2xc.onioncart.php"
"100 x LSD Blotter 200yg Hofmann","200 EUR = 0.03002 ฿","EUR","100 x 200yg","http://s5q54hfww56ov2xc.onioncart.php"
"100g pure Speed","650 EUR = 0.09758 ฿","EUR","100g","http://s5q54hfww56ov2xc.onioncart.php"
"5g pure Crystal Meth","120 EUR = 0.01801 ฿","EUR","5g","http://s5q54hfww56ov2xc.onioncart.php"
"50 x Original Kamagra 100mg","100 EUR = 0.01501 ฿","EUR","50 x 100mg","http://s5q54hfww56ov2xc.onioncart.php"
"50 x 80mg Oxycodone (Oxycodone Hydrochloride)","600 EUR = 0.09007 ฿","EUR","50 x 80mg","http://s5q54hfww56ov2xc.onioncart.php"
"500 x Generic Viagra 100mg","350 EUR = 0.05254 ฿","EUR","500 x 100mg","http://s5q54hfww56ov2xc.onioncart.php"
"10 x 80mg Oxycodone (Oxycodone Hydrochloride)","180 EUR = 0.02702 ฿","EUR","10 x 80mg","http://s5q54hfww56ov2xc.onioncart.php"
"100 x capsules Tramadol - 150mg/capsule","95 EUR = 0.01426 ฿","EUR","100 x 150mg","http://s5q54hfww56ov2xc.onioncart.php"
"1g pure synthetic Mescaline","80 EUR = 0.01201 ฿","EUR","1g","http://s5q54hfww56ov2xc.onioncart.php"
"100 x Generic Viagra 100mg","100 EUR = 0.01501 ฿","EUR","100 x 100mg","http://s5q54hfww56ov2xc.onioncart.php"
"50g pure Crystal Meth","800 EUR = 0.12009 ฿","EUR","50g","http://s5q54hfww56ov2xc.onioncart.php"
"10g pure Speed","90 EUR = 0.01351 ฿","EUR","10g","http://s5q54hfww56ov2xc.onioncart.php"
"1g DMT freebase, pure","110 EUR = 0.01651 ฿","EUR","1g","http://s5q54hfww56ov2xc.onioncart.php"
"50g MDMA Crystals","140 EUR = 0.02102 ฿","EUR","50g","http://s5q54hfww56ov2xc.onioncart.php"
"10g DMT freebase, pure","850 EUR = 0.12760 ฿","EUR","10g","http://s5q54hfww56ov2xc.onioncart.php"
"5g pure Cocaine","250 EUR = 0.03753 ฿","EUR","5g","http://s5q54hfww56ov2xc.onioncart.php"
"250 x LSD Blotter 200yg Hofmann","380 EUR = 0.05704 ฿","EUR","250 x 200yg","http://s5q54hfww56ov2xc.onioncart.php"
"500 x Xanax 2mg","215 EUR = 0.03228 ฿","EUR","500 x 2mg","http://s5q54hfww56ov2xc.onioncart.php"
"1000 x Xanax 2mg","350 EUR = 0.05254 ฿","EUR","1000 x 2mg","http://s5q54hfww56ov2xc.onioncart.php"
"10g pure synthetic Mescaline","750 EUR = 0.11259 ฿","EUR","10g","http://s5q54hfww56ov2xc.onioncart.php"
"10g pure Crystal Meth","200 EUR = 0.03002 ฿","EUR","10g","http://s5q54hfww56ov2xc.onioncart.php"
"25g pure Cocaine","950 EUR = 0.14261 ฿","EUR","25g","http://s5q54hfww56ov2xc.onioncart.php"
"1g pure Cocaine","75 EUR = 0.01126 ฿","EUR","1g","http://s5q54hfww56ov2xc.onioncart.php"
"2g pure Cocaine","130 EUR = 0.01952 ฿","EUR","2g","http://s5q54hfww56ov2xc.onioncart.php"
"100 x Generic Cialis 20mg","100 EUR = 0.01501 ฿","EUR","100 x 20mg","http://s5q54hfww56ov2xc.onioncart.php"
"100g Ketamine Crystals","780 EUR = 0.11709 ฿","EUR","100g","http://s5q54hfww56ov2xc.onioncart.php"
"100g MDMA Crystals","220 EUR = 0.03303 ฿","EUR","100g","http://s5q54hfww56ov2xc.onioncart.php"
"50g Ketamine Crystals","450 EUR = 0.06755 ฿","EUR","50g","http://s5q54hfww56ov2xc.onioncart.php"
"Visa Gift Card $1000","$500 PP account","$","NaN","http://vzmvmmaldx3h7vx6.onion/why-tenebra/"
"Glock 43X 9mm","950€","€","NaN","http://gunshopzpqbe4kgl.onion#menu"
"1000 USD Western Union","Save $15.00","$","NaN","http://vzmvmmaldx3h7vx6.onion/product/transfers/1000-usd-western-union/"
"PayPal  (17)","Shopping cart$","NaN","NaN","http://vzmvmmaldx3h7vx6.onion/"
"PayPal Bay","$500 PP account","$","NaN","http://vzmvmmaldx3h7vx6.onion/product/paypal/150-pp-account/"
"NETELLER 2000 usd transfer","Save $32.00","$","NaN","http://vzmvmmaldx3h7vx6.onion/product/transfers/neteller-2000-usd-transfer/"
"Skrill 1000 eur transfer","Save $20.00","$","NaN","http://vzmvmmaldx3h7vx6.onion/product/transfers/skrill-1000-eur-transfer/"
"10 Hits LSD","$99.00","$","10 Hits","http://vzmvmmaldx3h7vx6.onion/product/drugs/10-hits-lsd/"
"100g Cocaine NEW BATCH 96%","$8,500.00","$","100g","http://vzmvmmaldx3h7vx6.onion/product/drugs/100g-cocaine-new-batch-96/"
"NETELLER 1000 eur transfer","Save $20.00","$","NaN","http://vzmvmmaldx3h7vx6.onion/product/transfers/neteller-1000-eur-transfer/"
"NETELLER 2000 eur transfer","Save $36.00","$","NaN","http://vzmvmmaldx3h7vx6.onion/product/transfers/neteller-2000-eur-transfer/"
"NETELLER 500 eur transfer","Save $11.00","$","NaN","http://vzmvmmaldx3h7vx6.onion/product/transfers/neteller-500-eur-transfer/"
"100 Hits LSD","$599.00","$","100 Hits","http://vzmvmmaldx3h7vx6.onion/product/drugs/100-hits-lsd/"
"5000 USD WU transfer","Save $100.00","$","NaN","http://vzmvmmaldx3h7vx6.onion/product/transfers/5000-usd-wu-transfer/"
"1000 USD MoneyGram","Save $15.00","$","NaN","http://vzmvmmaldx3h7vx6.onion/product/transfers/1000-usd-moneygram/"
"#1GR #SALE || AMSTERDAM HAZE 21% THC || SUPER SILV...","Price: 9.00 EUR","EUR","1GR","http://amster4mdi4ls27irjhe3ul6hzha5itf6naifanpfbdbfybclbnqipyd.onion/listing/99d6e31d-754d-43f3-84ac-cde0a3b7efe3"
"#2X #SALE || SPEED PILLS LOUIS VUITTON 60MG || AMS...","Price: 3.50 EUR","EUR","2X 60MG","http://amster4mdi4ls27irjhe3ul6hzha5itf6naifanpfbdbfybclbnqipyd.onion/listing/fd2c3955-636c-4d40-8f58-58d1a248c8be"
"#10X #SALE || XTC BLUE POOPIE 200MG || AUS USA EU ...","Price: 18.00 EUR","EUR","10X 200MG","http://amster4mdi4ls27irjhe3ul6hzha5itf6naifanpfbdbfybclbnqipyd.onion/home/warning/dismiss/listing/41ca617a-305c-44f7-8c82-0863d7904db7"
"#10GR || MDMA DUTCH 84% || USA AUS EU WW","Price: 45.00 EUR","EUR","10GR","http://amster4mdi4ls27irjhe3ul6hzha5itf6naifanpfbdbfybclbnqipyd.onion/home/warning/dismiss/listing/0773044f-0c0d-4ac2-b87e-83ed2cc94db2"
"#5000GR || TRACKED || MDMA DUTCH 84% || USA AUS EU...","Price: 8,750.00 EUR","EUR","5000GR","http://amster4mdi4ls27irjhe3ul6hzha5itf6naifanpfbdbfybclbnqipyd.onion/home/warning/dismiss/listing/1018dd0d-b9bc-460d-98f1-645aa6177098"
"50g Original Haze","550 EUR = 0.08608 ฿","EUR","50g","http://25ffhnaechrbzwf3.onioncart.php"
"#1GR #SALE || COLOMBIAN COKE 91% || USA AUS EU WW","Price: 64.00 EUR","EUR","1GR","http://amster4mdi4ls27irjhe3ul6hzha5itf6naifanpfbdbfybclbnqipyd.onion/listing/d5dfede7-531f-4c41-a6db-39eb5b38aecd"
"#5X #SALE || LSD SHIVA GODNESS 220ug || USA AUS EU...","Price: 15.00 EUR","EUR","5X 220ug","http://amster4mdi4ls27irjhe3ul6hzha5itf6naifanpfbdbfybclbnqipyd.onion/home/warning/dismiss/listing/081576b7-18f8-4f58-859f-f0c84c659ad5"
"#2500X || TRACKED  || XTC BROWN UPS 280MG || EU US...","Price: 2,200.00 EUR","EUR","2500X 280MG","http://amster4mdi4ls27irjhe3ul6hzha5itf6naifanpfbdbfybclbnqipyd.onion/home/warning/dismiss/listing/24f5d120-a751-40ed-b389-fa7e99ee660e"
"#5X #SALE || XTC BROWN UPS 280MG || EU USA AUS WW","Price: 15.00 EUR","EUR","5X 280MG","http://amster4mdi4ls27irjhe3ul6hzha5itf6naifanpfbdbfybclbnqipyd.onion/home/warning/dismiss/listing/21f5a746-026f-4b05-9802-ed300b4a8cd8"
"#5GR #SALE || KETAMINE S-IOMER 99% || USA AUS EU W...","Price: 107.50 EUR","EUR","5GR","http://amster4mdi4ls27irjhe3ul6hzha5itf6naifanpfbdbfybclbnqipyd.onion/home/warning/dismiss/listing/f4e7df1b-9ef7-4420-b36c-db526d5f5678"
"#1GR || MDMA DUTCH 84% || USA AUS EU WW","Price: 4.00 EUR","EUR","1GR","http://amster4mdi4ls27irjhe3ul6hzha5itf6naifanpfbdbfybclbnqipyd.onion/home/warning/dismiss/listing/fd3d9241-cff4-47eb-aad4-72a2bdc7693e"
"Glock 17 Gen4 9mm Pistol - New in Box","1000€","€","NaN","http://gunshopzpqbe4kgl.onion#menuindex.htmlindex.htmlindex.html"
"TOP SHELF FISHSCALE BOLIVIAN COCAINE","1 kg -$9,000 ","$","NaN","http://pubmv3cu2ruh3t7eph7kyiigdduj4q5fcpzjjgefakcp24jigjs4mmad.onionproduct/payment.php"
"NIB Sig Sauer P365 9mm.","950€","€","NaN","http://gunshopzpqbe4kgl.onion#menuindex.htmlindex.htmlindex.htmlindex.html"
"GLOCK G40 G4 10MM FDE 6"" PG4030103MOSD 3-15 mags","1050€","€","NaN","http://gunshopzpqbe4kgl.onion#menuindex.htmlindex.htmlindex.htmlindex.htmlindex.htmlindex.html"
"Century Arms Centurion 39 AK 7.62x39","$930","$","NaN","http://bmgunscomvr6tshg.onionnewak47.jpg"
"Colt Mustang Pocketlite .380","$570","$","NaN","http://bmgunscomvr6tshg.onioncolt.jpg"
"FN SCAR 17S 16.25"" 7.62x51","$2450","$","NaN","http://bmgunscomvr6tshg.onionfnscar.jpg"
"Hi Point .40 S&W Carbine w/ 3 Mags","$250","$","NaN","http://bmgunscomvr6tshg.onionhipoint.jpg"
"IWI Uzi SMG .22 LR Walther","$500","$","NaN","http://bmgunscomvr6tshg.onionuzi.jpg"
"Glock 19 Gen 3","$470","$","NaN","http://bmgunscomvr6tshg.oniong19.jpg"
": .308 Winchester / 7.62x51mm NATO
: One 20 round magazine included
: 18"" Match Grade Barrel, 1:10 twist rate
: 40.5""
: 9.5 pounds","$890","$","NaN","http://bmgunscomvr6tshg.oniong3.jpg"
": 5.56x45mm NATO / .223 Remington
: One 30 round PMAG included
: 16"" 4140 steel, 1:9"" twist
: 32"" - 35""
: 6.5 pounds","$550","$","NaN","http://bmgunscomvr6tshg.onionar15.jpg"
"Bluegrass Armory Moonshiner Bullpup .308 Winchester","$2300","$","NaN","http://bmgunscomvr6tshg.onionmoonshine.jpg"
"Heckler & Koch MP5 A5 .22LR","$400","$","NaN","http://bmgunscomvr6tshg.onionhkmp5.jpg"
"NEW! CZ P-07 Duty 9mm","$475","$","NaN","http://bmgunscomvr6tshg.onionp07.jpg"
"Century Zastava N-PAP M70 AK-47","$590","$","NaN","http://bmgunscomvr6tshg.onionclassak47.jpg"
"CZ P-07 Duty 9mm","$475","$","NaN","http://bk4vffkf2fazxhs3pvgt4rggqx4puaej7hcrsalkuflulprkr2ruqnqd.onion/more/p07.jpg"
"Glock 19 - 9mm","$1.699","$","NaN","http://dkasgbyyh3yx4n7g4zj4rwwjb7ugf6y3oqofrkhld4hsth3r52tf2hyd.onion"
"Glock 21","$1.799","$","NaN","http://dkasgbyyh3yx4n7g4zj4rwwjb7ugf6y3oqofrkhld4hsth3r52tf2hyd.onion"
"Prepaid VISA (x2) 6000 Balance","$199.00","$","x2","http://hidden24uim2vpjy.onion/carding-credit-cards/prepaid-visa-x2-6000-balance"
"Visa Prepaid x1 (3200$)","$125.00","$","x1","http://hidden24uim2vpjy.onion/carding-credit-cards/visa-perpaid-x1-3200usd"
"PayPal transfer $2000","$239.00","$","NaN","http://hidden24uim2vpjy.onion/carding-money-transfers-hidden-marketplace/paypal-transfer-usd2000"
"Speed Transfer","$340.00","$","NaN","http://hidden24uim2vpjy.onion/carding-money-hub"
"3.5g Pineapple Kush (Hybird)","$2 USD","USD","3.5g","http://77n3hcm2rb2ibhwp.onion/product/e80ff0d882abcf6f1b0807e0"
"Кокаин HighQuality ""TOP""","5 669 руб.","руб","NaN","http://ctsmrkt7zthwysr6.onion//////shop/cts/goods/41"
"Кокаин HighQuality ""Red Bull""","10 169 руб.","руб","NaN","http://ctsmrkt7zthwysr6.onion/////shop/cts/goods/52"
"Modafinil - 200mg","$1.00","$","200mg","http://wchemsvaqitospe2.onionproduct.php?id=40"
"Amphetamine Speed - 1g","$10.00","$","1g","http://wchemsvaqitospe2.onionproduct.php?id=29"
"(OUT OF STOCK, EMAIL FOR ORDER REQUEST) MDMA (Pure Uncut Crystal) - 1G","$15.40","$","1G","http://wchemsvaqitospe2.onionproduct.php?id=52"
"Buy Potassium Cyanide Tablets","Price:750.00$","$","NaN","http://pharmap2j2konfyr.onion"
"Buy Nembutal Sodium online 100mL Oral Solution","3 Bottle -500.00$","$","NaN","http://pharmap2j2konfyr.onion"
"Buy Potassium Cyanide Powder","Price:375.00$","$","NaN","http://pharmap2j2konfyr.onion"
"Buy Nembutal Sodium online","1 Bottle -200.00$","$","NaN","http://pharmap2j2konfyr.onion"
"Walmart Gift Card 500$","$65","$","NaN","http://atjowapmoiik2p2u.onion"
"For multiple accounts simply transfer the summer in BTC.","$15.00","$","NaN","http://nu5grt6sqv4imico.onion/?product=30-million-facebook-account-data-hacked"
"Strawberry Kush 60g / 2oz","$99.95","$","60g","http://tdupp6lmgnpex5ss.onion/?product=strawberry-kush-25g"
"Purple Kush Indoor 5G","$19.95","$","5G","http://tdupp6lmgnpex5ss.onion/?product=purple-kush-indoor"
"Super Silver Haze 5g","$19.95","$","5g","http://tdupp6lmgnpex5ss.onion/?product=super-silver-haze"
"Holy Grail Kush 60g / 2oz","$99.95","$","60g","http://tdupp6lmgnpex5ss.onion/?product=holy-grail-kush-25g"
"Lemon Kush 60g / 2oz","$99.95","$","60g","http://tdupp6lmgnpex5ss.onion/?product=lemon-kush"
"Ghost Train Haze 25g","$39.95","$","25g","http://tdupp6lmgnpex5ss.onion/?product=ghost-train-haze-10g"
"Blueberry Cheese 100g","$79.95","$","100g","http://tdupp6lmgnpex5ss.onion/?product=blueberry-cheese"
"AMEX Gift Card $3000","$249","$","NaN","http://ck2btlse2p6255vf.onion/#about/#about"
"Amazon Gift Card $700","$89","$","NaN","http://z26wdoksk2p6ob4u.onion/#about/#about"
"SKUNK KUSH 5oz","450 USD = 0.06487 ฿","USD","5oz","http://docchrstunztkk7c.onioncart.php"
"SKUNK KUSH 3oz","300 USD = 0.04324 ฿","USD","3oz","http://docchrstunztkk7c.onioncart.php"
"SKUNK KUSH  1oz","120 USD = 0.01730 ฿","USD","1oz","http://docchrstunztkk7c.onioncart.php"
"20g Afghani","135 GBP = 0.02423 ฿","฿","20g","http://fzqnrlcvhkgbdwx5.onioncart.php"
"5g Banana Kush","45 EUR = 0.00704 ฿","EUR","5g","http://25ffhnaechrbzwf3.onioncart.php"
"5g Original Haze","65 EUR = 0.01017 ฿","EUR","5g","http://25ffhnaechrbzwf3.onioncart.php"
"5g Ice-O-Lator Hash, finest quality","125 EUR = 0.01956 ฿","EUR","5g","http://25ffhnaechrbzwf3.onioncart.php"
"10g Jack Herer","110 EUR = 0.01722 ฿","EUR","10g","http://25ffhnaechrbzwf3.onioncart.php"
"1g Banana Kush","11 EUR = 0.00172 ฿","EUR","1g","http://25ffhnaechrbzwf3.onioncart.php"
"1g Ice-O-Lator Hash, finest quality","35 EUR = 0.00548 ฿","EUR","1g","http://25ffhnaechrbzwf3.onioncart.php"
"1g Jack Herer","14 EUR = 0.00219 ฿","EUR","1g","http://25ffhnaechrbzwf3.onioncart.php"
"5g Jack Herer","60 EUR = 0.00939 ฿","EUR","5g","http://25ffhnaechrbzwf3.onioncart.php"
"50g Banana Kush","400 EUR = 0.06260 ฿","EUR","50g","http://25ffhnaechrbzwf3.onioncart.php"
"10g Original Haze","110 EUR = 0.01722 ฿","EUR","10g","http://25ffhnaechrbzwf3.onioncart.php"
"50g Jack Herer","480 EUR = 0.07512 ฿","EUR","50g","http://25ffhnaechrbzwf3.onioncart.php"
"1g Original Haze","15 EUR = 0.00235 ฿","EUR","1g","http://25ffhnaechrbzwf3.onioncart.php"
"20g Purple Kush","140 GBP = 0.02513 ฿","฿","20g","http://fzqnrlcvhkgbdwx5.onioncart.php"
"100g Afghani","535 GBP = 0.09602 ฿","฿","100g","http://fzqnrlcvhkgbdwx5.onioncart.php"
"100g Purple Kush","550 GBP = 0.09871 ฿","฿","100g","http://fzqnrlcvhkgbdwx5.onioncart.php"
"50g Purple Kush","290 GBP = 0.05205 ฿","฿","50g","http://fzqnrlcvhkgbdwx5.onioncart.php"
"50g Afghani","280 GBP = 0.05025 ฿","฿","50g","http://fzqnrlcvhkgbdwx5.onioncart.php"
"Cinderella X 25g","$45.99","$","X 25","http://weedway2vlaj37gy.onion/product/cinderella-x-25g/"
"Afghan Kush 50g","$45.99","$","50g","http://weedway2vlaj37gy.onion/product/afghan-kush-50g/"
"Black Label Kush 10G","$24.95","$","10G","http://weedway2vlaj37gy.onion/product/black-label-kush-10g/"
"PayPal Deposit","$49 / deposit","$","NaN","http://gsdwh4lbuwmhvr4j.onion/paypal"
"/ transfer","$149 / transfer","$","NaN","http://gsdwh4lbuwmhvr4j.onion"
"EU Visa Credit Card Balance €5,000","EU Visa Credit Card Balance €5,000","€","NaN","http://22224yeqlui6b3iy.onion"
"USA Visa Credit Card Balance $5,000","USA Visa Credit Card Balance $5,000","$","NaN","http://22224yeqlui6b3iy.onion"
"USA Visa Credit Card Balance $2,000","USA Visa Credit Card Balance $2,000","$","NaN","http://22224yeqlui6b3iy.onion"
"WHITE WIDOW - HYBRID -WEED / CANNABIS SKUNK","£42.50","£","NaN","http://dcukooi4bv5lhwcl.onion/index.php/product/white-widow-hybrid-weed-cannabis-skunk/"
"AMNESIA HAZE - SATIVA - NEW BEST BATCH!","£42.50","£","NaN","http://dcukooi4bv5lhwcl.onion/index.php/product/amnesia-haze-sativa-new-best-batch/"
"R- and S- Ketamine 84% [NO NONSENSE LISTINGS] ($10,-)","R- and S- Ketamine 84% [NO NONSENSE LISTINGS] ($10,-)","$","NaN","http://namastehtkkctyoa.onion"
"112 x 200ug LSD blotters - Crystal [NO NONSENSE LISTINGS] €144","112 x 200ug LSD blotters - Crystal [NO NONSENSE LISTINGS] €144","€","112 x 200ug","http://namastehtkkctyoa.onion"
"300 Hits LSD - 150ug","570 USD = 0.08218 ฿","USD","300 Hits 150ug","http://3pdx7y4r2mc3zuxw.onioncart.php"
"1g Mescaline HCL pure","120 USD = 0.01730 ฿","USD","1g","http://3pdx7y4r2mc3zuxw.onioncart.php"
"1g DMT Freebase","100 USD = 0.01442 ฿","USD","1g","http://3pdx7y4r2mc3zuxw.onioncart.php"
"10g DMT Freebase","750 USD = 0.10813 ฿","USD","10g","http://3pdx7y4r2mc3zuxw.onioncart.php"
"30 Hits LSD - 150ug","95 USD = 0.01370 ฿","USD","30 Hits 150ug","http://3pdx7y4r2mc3zuxw.onioncart.php"
"50 Hits LSD - 150ug","130 USD = 0.01874 ฿","USD","50 Hits 150ug","http://3pdx7y4r2mc3zuxw.onioncart.php"
"100 Hits LSD - 150ug","250 USD = 0.03604 ฿","USD","100 Hits 150ug","http://3pdx7y4r2mc3zuxw.onioncart.php"
"10g Mescaline HCL pure","790 USD = 0.11390 ฿","USD","10g","http://3pdx7y4r2mc3zuxw.onioncart.php"
"Skrill 500 usd transfer","Save $10.00","$","NaN","http://vzmvmmaldx3h7vx6.onion/product/transfers/skrill-500-usd-transfer/"
"2000 USD MoneyGram","Save $27.00","$","NaN","http://vzmvmmaldx3h7vx6.onion/product/transfers/2000-usd-moneygram/"
"10 Hits LSD - 150ug","0.0112 ฿","฿","10 Hits 150ug","http://psyched25pydrgul.onion/l/login.php"
"50g High Quality MDMA","180 EUR = 0.02835 ฿","EUR","50g","http://tandjwbbb5mv2bpt.onioncart.php"
"20g High Quality MDMA","90 EUR = 0.01418 ฿","EUR","20g","http://tandjwbbb5mv2bpt.onioncart.php"
"5g High Quality Cocaine","200 EUR = 0.03150 ฿","EUR","5g","http://tandjwbbb5mv2bpt.onioncart.php"
"25g High Quality Cocaine","750 EUR = 0.11813 ฿","EUR","25g","http://tandjwbbb5mv2bpt.onioncart.php"
"2g High Quality Cocaine","90 EUR = 0.01418 ฿","EUR","2g","http://tandjwbbb5mv2bpt.onioncart.php"
"100g High Quality MDMA","300 EUR = 0.04725 ฿","EUR","100g","http://tandjwbbb5mv2bpt.onioncart.php"
"500x 250ug LSD - Bicycle Go","690 EUR = 0.10868 ฿","EUR","500x 250ug","http://tandjwbbb5mv2bpt.onioncart.php"
"50x 250ug LSD - Bicycle Go","100 EUR = 0.01575 ฿","EUR","50x 250ug","http://tandjwbbb5mv2bpt.onioncart.php"
"10g Pure Afghan Heroin #3","190 EUR = 0.02993 ฿","EUR","10g","http://tandjwbbb5mv2bpt.onioncart.php"
"250x 250ug LSD - Bicycle Go","400 EUR = 0.06300 ฿","EUR","250x 250ug","http://tandjwbbb5mv2bpt.onioncart.php"
"50g Pure Afghan Heroin #3","750 EUR = 0.11813 ฿","EUR","50g","http://tandjwbbb5mv2bpt.onioncart.php"
"100x 250ug LSD - Bicycle Go","180 EUR = 0.02835 ฿","EUR","100x 250ug","http://tandjwbbb5mv2bpt.onioncart.php"
"5g High Quality Crack Cocaine","220 EUR = 0.03465 ฿","EUR","5g","http://tandjwbbb5mv2bpt.onioncart.php"
"10g High Quality Cocaine","350 EUR = 0.05513 ฿","EUR","10g","http://tandjwbbb5mv2bpt.onioncart.php"
"250g High Quality MDMA","600 EUR = 0.09451 ฿","EUR","250g","http://tandjwbbb5mv2bpt.onioncart.php"
"10g High Quality Crack Cocaine","420 EUR = 0.06615 ฿","EUR","10g","http://tandjwbbb5mv2bpt.onioncart.php"
"5g Pure Afghan Heroin #3","100 EUR = 0.01575 ฿","EUR","5g","http://tandjwbbb5mv2bpt.onioncart.php"
"50g High Quality Cocaine","1400 EUR = 0.22052 ฿","EUR","50g","http://tandjwbbb5mv2bpt.onioncart.php"
"500g High Quality MDMA","1000 EUR = 0.15751 ฿","EUR","500g","http://tandjwbbb5mv2bpt.onioncart.php"
"Ebay Gift Card $250","$65","$","NaN","http://lzdclnkuz3cyvxrs.onion/#about"
"PayPal Transfer $2000","$139","$","NaN","http://lzdclnkuz3cyvxrs.onion"
"Visa $3000 2Cards","Total Balance $6000","$","NaN","http://lzdclnkuz3cyvxrs.onion/#about"
"American Express $3000 1Cards","Total Balance $3000","$","NaN","http://lzdclnkuz3cyvxrs.onion"
"Amazon Gift Card $500","$69","$","NaN","http://lzdclnkuz3cyvxrs.onion"
"American Express Gift Cards","AMEX Gift Card $1000","$","NaN","http://lzdclnkuz3cyvxrs.onion/#about/#about"
"Visa $3000 3Cards","Total Balance $9000","$","NaN","http://lzdclnkuz3cyvxrs.onion/#about/#about"
"AMEX Gift Card $2000","$169","$","NaN","http://lzdclnkuz3cyvxrs.onion"
"American Express $3000 2Cards","Total Balance $6000","$","NaN","http://lzdclnkuz3cyvxrs.onion"
"PayPal Transfer $750","$65","$","NaN","http://lzdclnkuz3cyvxrs.onion/#about/#about"
"Amazon Gift Card $600","$79","$","NaN","http://lzdclnkuz3cyvxrs.onion/#about/#about"
"American Express $3000 3Cards","Total Balance $9000","$","NaN","http://lzdclnkuz3cyvxrs.onion"
"AMEX Gift Card $1000","$90","$","NaN","http://lzdclnkuz3cyvxrs.onion/#about"
"American Express Fullz $3000","$99","$","NaN","http://lzdclnkuz3cyvxrs.onion/#about/#about"
"PayPal Transfer $1500","$109","$","NaN","http://lzdclnkuz3cyvxrs.onion/#about"
"Visa $3000 1Cards","Total Balance $3000","$","NaN","http://lzdclnkuz3cyvxrs.onion/#about"
"Western Union $1000","$95","$","NaN","http://lzdclnkuz3cyvxrs.onion"
"Western Union $3000","$249","$","NaN","http://lzdclnkuz3cyvxrs.onion/#about"
"Steam Gift Card $100","$50","$","NaN","http://lzdclnkuz3cyvxrs.onion/#about"
"Wester Union Money Transfer","Western Union $1000","$","NaN","http://lzdclnkuz3cyvxrs.onion"
"Western Union $2000","$169","$","NaN","http://lzdclnkuz3cyvxrs.onion"
"VISA Fullz $3000","$99","$","NaN","http://lzdclnkuz3cyvxrs.onion/#about/#about"
"Paypal Accounts","$49.95 / list","$","NaN","http://choosewh6afu22ti.onion#bitcoin#bitcoin#bitcoin#bitcoin#pay"
"Ruger LCP II","$749.00","$","NaN","http://5zkfuvtrpotg2nzd.onion/?product=ruger-lcp-ii"
"Glock G19 Gen5","$799.00","$","19 G","http://5zkfuvtrpotg2nzd.onion/?product=glock-g19-gen5"
"SIG P320","$749.00","$","NaN","http://5zkfuvtrpotg2nzd.onion/?product=p320"
"Colt M4 Carabine","$1,259.00","$","NaN","http://5zkfuvtrpotg2nzd.onion/?product=colt-m4-carabine"
"10g FishScale Cocaine","500 USD WU transfer","USD","10g","http://vzmvmmaldx3h7vx6.onion/why-tenebra/"
"Skrill 2000 eur transfer","Save $36.00","$","NaN","http://vzmvmmaldx3h7vx6.onion/product/transfers/skrill-2000-eur-transfer/"
"2000 USD Western Union","Save $27.00","$","NaN","http://vzmvmmaldx3h7vx6.onion/product/transfers/2000-usd-western-union/"
"Skrill 500 eur transfer","Save $11.00","$","NaN","http://vzmvmmaldx3h7vx6.onion/product/transfers/skrill-500-eur-transfer/"
"Western Union Transfer Rates","1 x $140","$","NaN","http://foxf7nnw4tk3ll7y.onion###/en/order/view/954751-kEf04fy7.php "
"Western Union Transfer 8000$","1 x $240","$","NaN","http://foxf7nnw4tk3ll7y.onion###/en/order/view/954755-kEf04fy9.php "
"VISA 3500$","1 x $140","$","NaN","http://foxf7nnw4tk3ll7y.onion####/en/order/view/954731-kEf04fy1.php"
"Personal Account 6500$","1 x $170","$","NaN","http://foxf7nnw4tk3ll7y.onion#####/en/order/view/954746-kEf04fy5.php"
"Western Union Transfer 6000$","1 x $170","$","NaN","http://foxf7nnw4tk3ll7y.onion#####/en/order/view/954752-kEf04fy8.php "
"Personal Account 4000$","1 x $150","$","NaN","http://foxf7nnw4tk3ll7y.onion#####/en/order/view/954745-kEf04fy4.php "
"Western Union Transfer 3500$","1 x $140","$","NaN","http://foxf7nnw4tk3ll7y.onion#####/en/order/view/954751-kEf04fy7.php "
"American Express 3500$","1 x $140","$","NaN","http://foxf7nnw4tk3ll7y.onion/en/order/view/954742-kEf04fy3.php"
"Personal Account 8500$","1 x $250","$","NaN","http://foxf7nnw4tk3ll7y.onion##/en/order/view/954749-kEf04fy6.php"
"Paypal Account","1 x $150","$","NaN","http://foxf7nnw4tk3ll7y.onion#####/en/order/view/954745-kEf04fy4.php "
"Western Union Transfer – $100","60.00$","$","NaN","http://valarh4lvumbgosz.onion/product/western-union-transfer-100/"
"I Tunes/Appstore Gift Card $15 – $25 – $50 – $100","5.00$ – 11.00$","$","NaN","http://valarh4lvumbgosz.onion/product/i-tunes-gift-card-15-25-50-100/"
"MAYBACH XTC PILLS","$2500-1000 pills","$","NaN","http://om42fzvnfh4syyb46z3mygvl6pg2iqu42icmrj6kaecowwnyudvgv3qd.onionproduct pages/payment.php"
"1000x-25,000x MDMA pills -","$2500-1000 pills","$","1000x","http://om42fzvnfh4syyb46z3mygvl6pg2iqu42icmrj6kaecowwnyudvgv3qd.onionproduct pages/payment.php"
"Кокаин HighQuality ""OMAR""","5 669 руб.","руб","NaN","http://ctsmur43bwzf7bxv.onion////shop/cts/goods/51"
"Apcalis 20mg x 16","0.0062 ฿","฿","x 16 20mg","http://kamagraujn45ja5w.onion/l/login.php"
"Mastercard World (800â¬ Limit)","20x 20 EUR Bills","EUR","NaN","http://lsmarketbbcng7ll.onion#startedindex-2.htmlindex-2.htmlorders/medusa800cc_order-delivery.html"
"Kamagra 100mg x 52","0.0105 ฿","฿","x 52 100mg","http://kamagraujn45ja5w.onion/l/login.php"
"Walther PPK, Kal.7,65","600 EUR = 0.09038 ฿","EUR","NaN","http://2kka4f23pcxgqkpv.onioncart.php"
"Ammo, 50 Rounds","40 EUR = 0.00603 ฿","EUR","50 Rounds","http://2kka4f23pcxgqkpv.onioncart.php"
"SIG Sauer P226 AL SO DAO, Kal. 9mmP","790 EUR = 0.11900 ฿","EUR","NaN","http://2kka4f23pcxgqkpv.onioncart.php"
"Desert Eagle IMI, Kal.44","1250 EUR = 0.18830 ฿","EUR","NaN","http://2kka4f23pcxgqkpv.onioncart.php"
"VISA Gift Card","$80.00 – $325.00","$","NaN","http://giftcaqdq7rklat7.onion/index.php/product/visa-gift-card-2/"
"Facebook Gift Card","$80.00 – $325.00","$","NaN","http://giftcaqdq7rklat7.onion/index.php/product/facebook-gift-card/"
"GameStop Gift Card","$80.00 – $325.00","$","NaN","http://giftcaqdq7rklat7.onion/index.php/product/gamestop-gift-card/"
"Nike Gift Card","$60.00 – $300.00","$","NaN","http://giftcaqdq7rklat7.onion/index.php/product/nike-gift-card/"
"Foot Locker Gift Card","$80.00 – $325.00","$","NaN","http://giftcaqdq7rklat7.onion/index.php/product/foot-locker-gift-card/"
"Google Play Gift Card","$80.00 – $325.00","$","NaN","http://giftcaqdq7rklat7.onion/index.php/product/google-play-gift-card-2/"
"iTunes Gift Card","$80.00 – $325.00","$","NaN","http://giftcaqdq7rklat7.onion/index.php/product/itunes-gift-card/"
"Xbox Gift Card","$60.00 – $300.00","$","NaN","http://giftcaqdq7rklat7.onion/index.php/product/macys-gift-card/"
"Wholefoods Gift Card","$80.00 – $325.00","$","NaN","http://giftcaqdq7rklat7.onion/index.php/product/wholefoods-gift-card/"
"eBay Gift Card","$80.00 – $325.00","$","NaN","http://giftcaqdq7rklat7.onion/index.php/product/ebay-gift-card/"
"Safeway Gift Card","$80.00 – $325.00","$","NaN","http://giftcaqdq7rklat7.onion/index.php/product/safeway-gift-card/"
"Target Gift Card","$80.00 – $325.00","$","NaN","http://giftcaqdq7rklat7.onion/index.php/product/target-gift-card/"
"Groupon Gift Card","$80.00 – $325.00","$","NaN","http://giftcaqdq7rklat7.onion/index.php/product/groupon-gift-card/"
"Apcalis 20mg x 12","0.0052 ฿","฿","x 12 20mg","http://kamagraujn45ja5w.onion/l/login.php"
"MDMA Pure Uncut Crystal - 1G","$15.40","$","1G","http://wchemsvaqitospe2.onionproduct.php?id=52"
"Apcalis 20mg x 8","0.004 ฿","฿","x 8 20mg","http://kamagraujn45ja5w.onion/l/login.php"
"Kamagra Oral Jelly 100mg x 49","100 GBP = 0.01728 ฿","฿","x 49 100mg","http://k4btcl6lvwg6uvq4.onioncart.php"
"Hacked US MasterCard + Online banking account min $6500","$140.00","$","NaN","http://lg7iwjj3ajzz2cmd.onion/index.php/product/hacked-us-mastercard/"
"$500 MasterCard Prepaid Card- Physical delivery","$100.00","$","NaN","http://lg7iwjj3ajzz2cmd.onion/index.php/product/500-mastercard-prepaid-card-physical-delivery/"
"PayPal Transfers 2020","$120.00 – $500.00","$","NaN","http://lg7iwjj3ajzz2cmd.onion/index.php/product/paypal-transfers-2020/"
"hacked PayPal Accounts","$120.00 – $490.00","$","NaN","http://lg7iwjj3ajzz2cmd.onion/index.php/product/hacked-paypal-accounts/"
"MoneyGram Transfers 2020","$99.00 – $499.00","$","NaN","http://lg7iwjj3ajzz2cmd.onion/index.php/product/moneygram-transfers/"
"Cash App money transfer 2020 (cashapp flip)","$100.00 – $360.00","$","NaN","http://lg7iwjj3ajzz2cmd.onion/index.php/product/cash-app-money-transfer-2020/"
"Hacked Paypal account min $15000","$799.00","$","NaN","http://lg7iwjj3ajzz2cmd.onion/index.php/product/hacked-paypal-account-min-15000/"
"ZCS160 Multi-Functional Credit Card Reader / Writer","$220.00","$","NaN","http://lg7iwjj3ajzz2cmd.onion/index.php/product/zcs160-multi-functional-credit-card-reader-writer/"
"Amazon Gift Card","$99.00 – $799.00","$","NaN","http://lg7iwjj3ajzz2cmd.onion/index.php/product/amazon-gift-card-500/"
"Western Union Transfers 2020","$129.00 – $550.00","$","NaN","http://lg7iwjj3ajzz2cmd.onion/index.php/product/western-union-transfers-2020/"
"Colors: Lilac Purple, Coral Blue, Midnight Black","$399.-","$","NaN","http://etrokn275haxgxzf.onion"
"Apcalis Oral Jelly 20mg x 50","90 GBP = 0.01556 ฿","฿","x 50 20mg","http://k4btcl6lvwg6uvq4.onioncart.php"
"Kamagra Oral Jelly 100mg x 7","18 GBP = 0.00311 ฿","฿","x 7 100mg","http://k4btcl6lvwg6uvq4.onioncart.php"
"Apcalis Oral Jelly 20mg x 10","20 GBP = 0.00346 ฿","฿","x 10 20mg","http://k4btcl6lvwg6uvq4.onioncart.php"
"Apcalis Oral Jelly 20mg x 100","175 GBP = 0.03025 ฿","฿","x 100 20mg","http://k4btcl6lvwg6uvq4.onioncart.php"
"Kamagra Effervescent 100mg x 35","49 GBP = 0.00847 ฿","฿","x 35 100mg","http://k4btcl6lvwg6uvq4.onioncart.php"
"Super Kamagra 100mg x 12","47 GBP = 0.00812 ฿","฿","x 12 100mg","http://k4btcl6lvwg6uvq4.onioncart.php"
"Apcalis 20mg x 52","73 GBP = 0.01262 ฿","฿","x 52 20mg","http://k4btcl6lvwg6uvq4.onioncart.php"
"Kamagra Soft 100mg x 52","50 GBP = 0.00864 ฿","฿","x 52 100mg","http://k4btcl6lvwg6uvq4.onioncart.php"
"Kamagra Oral Jelly 100mg x 28","62 GBP = 0.01072 ฿","฿","x 28 100mg","http://k4btcl6lvwg6uvq4.onioncart.php"
"Apcalis Oral Jelly 20mg x 200","330 GBP = 0.05704 ฿","฿","x 200 20mg","http://k4btcl6lvwg6uvq4.onioncart.php"
"Super Kamagra 100mg x 24","70 GBP = 0.01210 ฿","฿","x 24 100mg","http://k4btcl6lvwg6uvq4.onioncart.php"
"Apcalis Oral Jelly 20mg x 20","38 GBP = 0.00657 ฿","฿","x 20 20mg","http://k4btcl6lvwg6uvq4.onioncart.php"
"Kamagra Soft 100mg x 24","28 GBP = 0.00484 ฿","฿","x 24 100mg","http://k4btcl6lvwg6uvq4.onioncart.php"
"Apcalis 20mg x 100","125 GBP = 0.02161 ฿","฿","x 100 20mg","http://k4btcl6lvwg6uvq4.onioncart.php"
"Apcalis 20mg x 24","42 GBP = 0.00726 ฿","฿","x 24 20mg","http://k4btcl6lvwg6uvq4.onioncart.php"
"Super Kamagra 100mg x 8","35 GBP = 0.00605 ฿","฿","x 8 100mg","http://k4btcl6lvwg6uvq4.onioncart.php"
"Kamagra 100mg x 12","15 GBP = 0.00259 ฿","฿","x 12 100mg","http://k4btcl6lvwg6uvq4.onioncart.php"
"Kamagra 100mg x 100","78 GBP = 0.01348 ฿","฿","x 100 100mg","http://k4btcl6lvwg6uvq4.onioncart.php"
"Kamagra Oral Jelly 100mg x 21","50 GBP = 0.00864 ฿","฿","x 21 100mg","http://k4btcl6lvwg6uvq4.onioncart.php"
"Kamagra Polo 100mg x 7","15 GBP = 0.00259 ฿","฿","x 7 100mg","http://k4btcl6lvwg6uvq4.onioncart.php"
"Kamagra Polo 100mg x 14","24 GBP = 0.00415 ฿","฿","x 14 100mg","http://k4btcl6lvwg6uvq4.onioncart.php"
"Kamagra Polo 100mg x 21","35 GBP = 0.00605 ฿","฿","x 21 100mg","http://k4btcl6lvwg6uvq4.onioncart.php"
"Kamagra Effervescent 100mg x 14","24 GBP = 0.00415 ฿","฿","x 14 100mg","http://k4btcl6lvwg6uvq4.onioncart.php"
"Kamagra Polo 100mg x 35","49 GBP = 0.00847 ฿","฿","x 35 100mg","http://k4btcl6lvwg6uvq4.onioncart.php"
"Kamagra Effervescent 100mg x 21","35 GBP = 0.00605 ฿","฿","x 21 100mg","http://k4btcl6lvwg6uvq4.onioncart.php"
"Kamagra 100mg x 24","28 GBP = 0.00484 ฿","฿","x 24 100mg","http://k4btcl6lvwg6uvq4.onioncart.php"
"Kamagra Oral Jelly 100mg x 14","35 GBP = 0.00605 ฿","฿","x 14 100mg","http://k4btcl6lvwg6uvq4.onioncart.php"
"Kamagra Soft 100mg x 100","78 GBP = 0.01348 ฿","฿","x 100 100mg","http://k4btcl6lvwg6uvq4.onioncart.php"
"Kamagra Effervescent 100mg x 7","15 GBP = 0.00259 ฿","฿","x 7 100mg","http://k4btcl6lvwg6uvq4.onioncart.php"
"Super Kamagra 100mg x 4","18 GBP = 0.00311 ฿","฿","x 4 100mg","http://k4btcl6lvwg6uvq4.onioncart.php"
"Super Kamagra 100mg x 52","140 GBP = 0.02420 ฿","฿","x 52 100mg","http://k4btcl6lvwg6uvq4.onioncart.php"
"Kamagra Soft 100mg x 12","16 GBP = 0.00277 ฿","฿","x 12 100mg","http://k4btcl6lvwg6uvq4.onioncart.php"
"Super Kamagra 100mg x 100","220 GBP = 0.03803 ฿","฿","x 100 100mg","http://k4btcl6lvwg6uvq4.onioncart.php"
"Ebay Gift Card $300","$100 eBay gc","$","NaN","http://vzmvmmaldx3h7vx6.onion/why-tenebra/"
"PayPal 350 dollars transfer to BTC","Save $15.00","$","NaN","http://vzmvmmaldx3h7vx6.onion/product/paypal/paypal-350-dollars-transfer-to-btc/"
"3000 USD MoneyGram","Save $38.00","$","NaN","http://vzmvmmaldx3h7vx6.onion/product/transfers/3000-usd-moneygram/"
"NETELLER 500 usd transfer","Save $10.00","$","NaN","http://vzmvmmaldx3h7vx6.onion/product/transfers/neteller-500-usd-transfer/"
"500 USD WU transfer","Save $14.00","$","NaN","http://vzmvmmaldx3h7vx6.onion/product/transfers/500-usd-wu-transfer/"
"NETELLER 1000 usd transfer","Save $18.00","$","NaN","http://vzmvmmaldx3h7vx6.onion/product/transfers/neteller-1000-usd-transfer/"
"Biotech Labs Oxandrolone (anavar) -100 tabs – 10 mg","$48.00","$","10 mg","http://xdsa5xcrrrxxxolc.onion/?product=biotech-labs-oxandrolone-anavar-100-tabs-10-mg"
"(Boldenone Undecylenate)","$33.00","$","NaN","http://xdsa5xcrrrxxxolc.onion/?product=boldenone-undecylenate"
"Boldenone Undecylenate 10ml 200mg bpharmaceuticals","$25.00","$","200mg","http://xdsa5xcrrrxxxolc.onion/?product=boldenone-undecylenate-10ml-200mg-bpharmaceuticals"
"Bolden 200mg – Boldenone Undecylenate","$22.80","$","200mg","http://xdsa5xcrrrxxxolc.onion/?product=bolden-200mg-boldenone-undecylenate"
"308 – 150 Grain FMJ – Tula – 500 Rounds","$300.00","$","150 G","http://markethphla6dglv.onion/?product=308-150-grain-fmj-tula-500-rounds"
"ammo Desert Eagle IMI, Kal.44(100 per box)","$172.00","$","100 per box","http://markethphla6dglv.onion/?product=ammo-desert-eagle-imi-kal-4450-per-box"
"9mm Ammo Brown Bear Luger 115gr FMJ Steel","$148.00","$","115g","http://markethphla6dglv.onion/?product=9mm-ammo-115gr-fmj-50-per-box"
"5.56 NATO 55 GR FMJ 1000 Round Case","$320.00","$","55 GR","http://markethphla6dglv.onion/?product=5-56-nato-55-gr-fmj-1000-round-case"
"9mm – 115 Grain FMJ – Tula – 1000 Rounds","$300.00","$","115 G","http://markethphla6dglv.onion/?product=9mm-115-grain-fmj-tula-1000-rounds"
"AK-47-Kalashnikov Full Auto","$800.00","$","NaN","http://markethphla6dglv.onion/?product=ak-47-kalashnikov-full-auto"
"Ak 47 (7.62×39)","$1,050.00","$","NaN","http://markethphla6dglv.onion/?product=ak-47-7-62x39"
"40 S&W Ammunition 800 Rounds Two Ammo Cans","$139.00","$","800 Rounds","http://markethphla6dglv.onion/?product=40-sw-fmj-50-per-box"
"Colors: White, Black, Green, Yellow, Purple, Red","$449.-","$","NaN","http://etronix47auvlmt7.onion/apple.html"
"Tahoe OG Kush – 5g","$35.00","$","5g","http://wackdyde7do6cpij.onion/?product=tahoe-og-kush-5g"
"OG Kush – 5g","$19.50","$","5g","http://wackdyde7do6cpij.onion/?product=og-kush-5g"
"Jack Herer – 5g","$21.50","$","5g","http://wackdyde7do6cpij.onion/?product=jack-herer-5g"
"Candy Jack 15g","$59.50","$","15g","http://wackdyde7do6cpij.onion/?product=candy-jack-10g"
"Super Silver Haze – 5g","$12.50","$","5g","http://wackdyde7do6cpij.onion/?product=super-silver-haze-5g"
"Lemon Haze – 5g","$19.50","$","5g","http://wackdyde7do6cpij.onion/?product=lemon-haze-5g"
"Granddaddy Purple – 10g","$39.50","$","10g","http://wackdyde7do6cpij.onion/?product=granddaddy-purple"
"Lemon Kush – 10g","$23.50","$","10g","http://wackdyde7do6cpij.onion/?product=lemon-kush-10g"
"Purple Kush – 10g","$28.50","$","10g","http://wackdyde7do6cpij.onion/?product=purple-kush-10g"
"Master Kush – 5g","$15.00","$","5g","http://wackdyde7do6cpij.onion/?product=master-kush-5g"
"Afghan Kush – 10g","$27.50","$","10g","http://wackdyde7do6cpij.onion/?product=afghan-kush-10g"
"Blackberry Kush – 10g","$18.00","$","10g","http://wackdyde7do6cpij.onion/?product=blackberry-kush-10g"
"Amnesia Haze – 60g (2 Oz)","$99.00","$","60g","http://wackdyde7do6cpij.onion/?product=amnesia-haze-60g"
"Durban Poison – 10g","$14.50","$","10g","http://wackdyde7do6cpij.onion/?product=durban-poison-10g"
"Purple Princess 115g (4 Oz)","$199.00","$","115g","http://wackdyde7do6cpij.onion/?product=purple-princess-115g-4-ounces"
"Bubba Kush – 10g","$20.00","$","10g","http://wackdyde7do6cpij.onion/?product=bubba-kush-10g"
"20gr Blonde Hash AA++","€95.00","€","20g","http://kezfzgqfxprddgcp.onion/?product=20gr-blonde-hash-aa"
"1gr Hash AAA+++ Kifi Gourmet","€14.00","€","1g","http://kezfzgqfxprddgcp.onion/?product=1gr-hash-aaa-kifi-gourmet"
"100gr Blonde Hash AA++","€425.00","€","100g","http://kezfzgqfxprddgcp.onion/?paged=2"
"1gr Blonde Hash AA ++","€11.00","€","1g","http://kezfzgqfxprddgcp.onion/?product=1gr-blonde-hash-aa"
"5gr Hash AAA+++ Kifi Gourmet","€65.00","€","5g","http://kezfzgqfxprddgcp.onion/?product=5gr-hash-aaa-kifi-gourmet"
"10gr Blonde Hash AA++","€80.00","€","10g","http://kezfzgqfxprddgcp.onion/?product=10gr-blonde-hash-aa"
"5gr Blonde hash AA++","€45.00","€","5g","http://kezfzgqfxprddgcp.onion/?product=5gr-blonde-hash-aa"
"20gr Hash AAA+++ Kifi Gourmet","€155.00","€","20g","http://kezfzgqfxprddgcp.onion/?product=20gr-hash-aaa-kifi-gourmet"
"50gr Hash AAA+++ Kifi Gourmet","€285.00","€","50g","http://kezfzgqfxprddgcp.onion/?product=50gr-hash-aaa-kifi-gourmet"
"10gr Hash AAA+++ Kifi Gourmet","€90.00","€","10g","http://kezfzgqfxprddgcp.onion/?product=10gr-hash-aaa-kifi-gourmet"
"50gr Blonde Hash AA++","€170.00","€","50g","http://kezfzgqfxprddgcp.onion/?product=50gr-blonde-hash-aa"
"100gr Hash AAA+++ Kifi Gourmet","€425.00","€","100g","http://kezfzgqfxprddgcp.onion/?product=100gr-hash-aaa-kifi-gourmet"
